analyst,jr,56.500000
"",na,61.155405
"",senior,80.092593
data engineer,na,96.701220
"",senior,124.689189
data scientist,jr,106.500000
"",na,107.043011
"",senior,138.956522
director,na,168.607143
manager,na,84.022727
mle,na,119.133333
"",senior,142.071429
na,na,78.500000
"",senior,109.061404
